year,scenario,load_mwh,charge_mwh,unserved_mwh,Grid_mwh,Solar PPA_mwh,RICE_mwh,Geothermal_mwh,SMR_mwh,Microturbines_mwh,BESS_mwh
mixed,S1,1126336.94609,1193.181818,0.0,816276.989395,0.0,310203.138513,0.0,0.0,0.0,1050.0
mixed,S2,1126336.94609,3621.544762,0.0,84911.746174,330747.661669,711112.123619,0.0,0.0,0.0,3186.959391
mixed,S3,1126336.94609,0.0,0.0,0.0,0.0,0.0,1126336.94609,0.0,0.0,0.0
mixed,S4,1126336.94609,2558.408596,0.0,64125.402259,135626.509703,0.0,926892.04316,0.0,0.0,2251.399565
mixed,S5,1126336.94609,0.0,0.0,5524.844544,14201.981602,0.0,0.0,1106610.119944,0.0,0.0
mixed,S6,1126336.94609,477.272727,1072.136085,230194.761266,0.0,0.0,815342.195802,0.0,79785.125665,420.0
spike,S1,1712050.546399,14556.818182,0.0,875987.476063,0.0,837779.888518,0.0,0.0,0.0,12840.0
spike,S2,1712050.546399,54323.542527,2.781741,87600.0,332694.030137,1298141.227983,0.0,0.0,0.0,47936.049065
spike,S3,1712050.546399,0.0,0.0,0.0,0.0,0.0,1712050.546399,0.0,0.0,0.0
spike,S4,1712050.546399,38802.530377,0.0,444280.369632,221796.020092,0.0,1050536.652005,0.0,0.0,34240.035047
spike,S5,1712050.546399,0.0,0.0,85171.052963,130507.910157,0.0,0.0,1496371.583279,0.0,0.0
spike,S6,1712050.546399,5659.090909,16945.584878,424094.261889,0.0,0.0,875961.904797,0.0,395697.885744,5010.0
