scenario,hour,p5_pct,p50_pct,p95_pct
Normal Day,0.0,20.0,21.181876,40.502672
Normal Day,0.252632,20.0,21.902198,36.128445
Normal Day,0.505263,20.0,22.733314,33.684992
Normal Day,0.757895,20.0,23.787491,33.66871
Normal Day,1.010526,20.0,24.642573,35.278388
Normal Day,1.263158,20.0,26.174717,36.701705
Normal Day,1.515789,20.0,28.029787,37.7389
Normal Day,1.768421,20.415329,29.894061,39.133416
Normal Day,2.021053,21.556446,31.683276,41.167722
Normal Day,2.273684,23.927262,33.690785,43.346598
Normal Day,2.526316,25.492364,35.627047,45.108691
Normal Day,2.778947,27.956645,37.33858,46.981954
Normal Day,3.031579,30.306906,39.681781,48.833772
Normal Day,3.284211,32.091841,41.421808,51.377035
Normal Day,3.536842,33.65588,43.404241,53.750084
Normal Day,3.789474,35.366528,45.62067,55.254473
Normal Day,4.042105,37.202892,47.281954,56.756218
Normal Day,4.294737,38.983242,49.258056,58.823093
Normal Day,4.547368,40.958777,51.167129,61.442855
Normal Day,4.8,42.962957,52.461242,62.594464
Normal Day,5.052632,45.309674,54.213707,65.087798
Normal Day,5.305263,45.460837,55.325025,65.882954
Normal Day,5.557895,47.231576,56.867668,66.521867
Normal Day,5.810526,47.672853,57.703342,68.047139
Normal Day,6.063158,49.302953,59.063306,69.040103
Normal Day,6.315789,50.224331,60.20799,69.645039
Normal Day,6.568421,50.997465,61.469298,71.14221
Normal Day,6.821053,51.890982,61.981183,71.98464
Normal Day,7.073684,51.994042,62.631457,72.43611
Normal Day,7.326316,53.146924,62.914183,72.736593
Normal Day,7.578947,53.107303,63.222419,73.217472
Normal Day,7.831579,54.125533,63.691713,73.491705
Normal Day,8.084211,54.820942,63.96416,73.809745
Normal Day,8.336842,54.355353,64.191468,74.354661
Normal Day,8.589474,54.425685,64.63685,74.808439
Normal Day,8.842105,54.617002,64.790058,74.58639
Normal Day,9.094737,54.676291,65.234477,75.350791
Normal Day,9.347368,54.368074,65.335157,75.698627
Normal Day,9.6,55.301622,65.672548,75.840462
Normal Day,9.852632,55.977823,65.714653,75.837888
Normal Day,10.105263,55.689553,66.245029,76.290813
Normal Day,10.357895,56.684437,66.737862,76.406729
Normal Day,10.610526,56.602407,67.108214,76.556619
Normal Day,10.863158,57.378979,67.542826,76.813917
Normal Day,11.115789,57.807302,67.843162,77.592286
Normal Day,11.368421,58.084938,68.220374,77.794793
Normal Day,11.621053,58.904949,68.883933,79.192966
Normal Day,11.873684,59.051701,69.150546,79.471186
Normal Day,12.126316,59.319627,69.499792,79.638099
Normal Day,12.378947,59.774428,69.934725,80.199652
Normal Day,12.631579,60.522909,70.445368,80.390276
Normal Day,12.884211,60.629497,70.731738,80.461591
Normal Day,13.136842,61.444361,71.394026,80.94928
Normal Day,13.389474,62.28786,72.041361,81.303215
Normal Day,13.642105,62.418699,72.211208,82.034283
Normal Day,13.894737,62.623339,72.689154,82.629784
Normal Day,14.147368,63.272201,72.946628,82.467904
Normal Day,14.4,63.470771,72.852723,82.334618
Normal Day,14.652632,63.29382,72.995233,82.932998
Normal Day,14.905263,63.117339,73.047345,82.731693
Normal Day,15.157895,62.971377,72.398119,82.550426
Normal Day,15.410526,62.838241,72.095008,81.635678
Normal Day,15.663158,62.012381,71.433894,81.356607
Normal Day,15.915789,61.472378,71.23843,81.112324
Normal Day,16.168421,60.819733,70.054135,79.678565
Normal Day,16.421053,59.782164,69.185517,78.60535
Normal Day,16.673684,58.567269,68.012839,77.579486
Normal Day,16.926316,56.396751,66.496798,75.80109
Normal Day,17.178947,54.988098,64.79014,73.944388
Normal Day,17.431579,53.440685,62.975955,72.864444
Normal Day,17.684211,51.361576,61.404553,70.775849
Normal Day,17.936842,49.546817,59.071875,69.273022
Normal Day,18.189474,47.048613,56.950003,67.198817
Normal Day,18.442105,44.800704,54.78692,64.796478
Normal Day,18.694737,42.790377,52.413786,62.129372
Normal Day,18.947368,40.614085,50.171662,60.082352
Normal Day,19.2,37.806836,47.494214,57.749719
Normal Day,19.452632,35.754024,45.610103,54.915559
Normal Day,19.705263,32.497159,43.152154,52.804371
Normal Day,19.957895,30.979264,40.665946,50.03831
Normal Day,20.210526,28.657392,38.517031,48.089084
Normal Day,20.463158,26.208774,35.993907,45.597858
Normal Day,20.715789,24.200999,33.285733,43.656201
Normal Day,20.968421,21.583217,31.330337,41.466236
Normal Day,21.221053,20.0,29.292772,39.176656
Normal Day,21.473684,20.0,27.702188,37.04322
Normal Day,21.726316,20.0,26.02059,35.208403
Normal Day,21.978947,20.0,24.421098,33.961141
Normal Day,22.231579,20.0,23.16726,33.358868
Normal Day,22.484211,20.0,21.970337,32.238112
Normal Day,22.736842,20.0,21.164368,30.81041
Normal Day,22.989474,20.0,20.542677,30.063274
Normal Day,23.242105,20.0,20.369352,29.922441
Normal Day,23.494737,20.0,20.23157,29.451641
Normal Day,23.747368,20.0,20.883755,30.747021
Normal Day,24.0,20.0,20.821234,31.066854
High Usage (Spike),0.0,36.447267,56.80727,77.796445
High Usage (Spike),0.252632,42.013401,55.81643,69.929139
High Usage (Spike),0.505263,44.771213,55.787701,66.869813
High Usage (Spike),0.757895,46.379289,55.474948,65.446288
High Usage (Spike),1.010526,45.278307,55.330499,65.582977
High Usage (Spike),1.263158,45.814937,55.784772,65.83285
High Usage (Spike),1.515789,45.254559,56.030681,66.170242
High Usage (Spike),1.768421,46.176034,56.567762,67.091636
High Usage (Spike),2.021053,47.431465,57.037363,66.867622
High Usage (Spike),2.273684,47.653382,57.73768,66.875169
High Usage (Spike),2.526316,47.510314,58.034721,67.554687
High Usage (Spike),2.778947,48.029579,58.038871,67.394704
High Usage (Spike),3.031579,48.416547,58.09667,67.482338
High Usage (Spike),3.284211,48.187309,58.549988,68.3674
High Usage (Spike),3.536842,48.41552,59.217928,69.521381
High Usage (Spike),3.789474,49.914119,60.125317,69.494394
High Usage (Spike),4.042105,50.027669,60.735822,70.177309
High Usage (Spike),4.294737,51.185667,61.318411,71.342258
High Usage (Spike),4.547368,51.553713,61.893,71.405387
High Usage (Spike),4.8,53.045512,62.53494,72.49012
High Usage (Spike),5.052632,53.875484,63.236262,73.097017
High Usage (Spike),5.305263,55.069326,64.16434,74.715052
High Usage (Spike),5.557895,56.588934,65.220745,75.570394
High Usage (Spike),5.810526,56.633955,66.234384,76.295651
High Usage (Spike),6.063158,57.836092,67.55214,77.36472
High Usage (Spike),6.315789,58.50882,68.896278,78.322382
High Usage (Spike),6.568421,60.483541,69.886013,79.707594
High Usage (Spike),6.821053,61.478833,70.801996,80.844475
High Usage (Spike),7.073684,62.180444,72.177355,81.431617
High Usage (Spike),7.326316,63.203429,73.077803,82.488454
High Usage (Spike),7.578947,64.052223,73.981732,83.681068
High Usage (Spike),7.831579,65.77911,75.368914,84.752771
High Usage (Spike),8.084211,66.468438,76.660927,85.310094
High Usage (Spike),8.336842,67.298723,77.435621,86.913524
High Usage (Spike),8.589474,69.015818,78.348246,88.185911
High Usage (Spike),8.842105,70.003286,79.440429,89.348143
High Usage (Spike),9.094737,70.990858,81.293425,91.654873
High Usage (Spike),9.347368,71.645861,81.892612,92.240009
High Usage (Spike),9.6,72.912135,83.029147,92.89767
High Usage (Spike),9.852632,74.303136,83.816696,94.087208
High Usage (Spike),10.105263,74.902608,84.747511,94.827095
High Usage (Spike),10.357895,76.387985,86.096215,95.615078
High Usage (Spike),10.610526,77.250276,86.901012,96.77504
High Usage (Spike),10.863158,78.071394,88.005806,97.334731
High Usage (Spike),11.115789,78.690463,88.598768,98.939222
High Usage (Spike),11.368421,79.729594,89.358702,99.486072
High Usage (Spike),11.621053,80.321977,90.616578,100.0
High Usage (Spike),11.873684,81.58882,91.361497,100.0
High Usage (Spike),12.126316,81.72043,91.599383,100.0
High Usage (Spike),12.378947,83.191525,92.643392,100.0
High Usage (Spike),12.631579,83.710362,93.230949,100.0
High Usage (Spike),12.884211,84.237002,93.764114,100.0
High Usage (Spike),13.136842,84.37394,94.016505,100.0
High Usage (Spike),13.389474,85.211836,94.602938,100.0
High Usage (Spike),13.642105,84.651885,94.826548,100.0
High Usage (Spike),13.894737,85.847198,94.909389,100.0
High Usage (Spike),14.147368,85.775372,95.245234,100.0
High Usage (Spike),14.4,86.319612,95.66841,100.0
High Usage (Spike),14.652632,86.238755,95.742907,100.0
High Usage (Spike),14.905263,85.981209,95.919388,100.0
High Usage (Spike),15.157895,86.717538,95.989624,100.0
High Usage (Spike),15.410526,85.758263,95.754005,100.0
High Usage (Spike),15.663158,86.153276,95.646682,100.0
High Usage (Spike),15.915789,86.553768,95.441504,100.0
High Usage (Spike),16.168421,85.945866,95.385448,100.0
High Usage (Spike),16.421053,85.694181,95.219475,100.0
High Usage (Spike),16.673684,84.783614,94.848223,100.0
High Usage (Spike),16.926316,84.21769,94.471848,100.0
High Usage (Spike),17.178947,83.886441,94.021157,100.0
High Usage (Spike),17.431579,83.523617,93.213811,100.0
High Usage (Spike),17.684211,82.699699,92.814965,100.0
High Usage (Spike),17.936842,81.847728,91.950782,100.0
High Usage (Spike),18.189474,81.735765,91.515254,100.0
High Usage (Spike),18.442105,80.302793,90.513429,99.928915
High Usage (Spike),18.694737,79.367674,89.767662,99.375488
High Usage (Spike),18.947368,78.899695,88.576745,98.623432
High Usage (Spike),19.2,77.873269,87.584798,97.64579
High Usage (Spike),19.452632,76.983662,86.683659,96.575607
High Usage (Spike),19.705263,76.448515,85.725015,95.494046
High Usage (Spike),19.957895,75.840743,84.644097,94.991809
High Usage (Spike),20.210526,75.241997,83.556986,94.128903
High Usage (Spike),20.463158,73.531064,82.650551,93.06381
High Usage (Spike),20.715789,71.896447,81.543052,91.410689
High Usage (Spike),20.968421,70.937428,80.561794,90.733848
High Usage (Spike),21.221053,70.097027,79.376895,89.497867
High Usage (Spike),21.473684,68.405431,78.202387,88.709987
High Usage (Spike),21.726316,67.223318,76.914085,87.385476
High Usage (Spike),21.978947,65.778955,76.209468,86.317358
High Usage (Spike),22.231579,64.546247,75.252203,84.572511
High Usage (Spike),22.484211,64.121129,74.156197,83.765796
High Usage (Spike),22.736842,62.429356,72.831681,83.020615
High Usage (Spike),22.989474,61.506544,71.728834,82.133023
High Usage (Spike),23.242105,60.578209,70.451292,80.175512
High Usage (Spike),23.494737,59.467726,69.80409,79.803358
High Usage (Spike),23.747368,58.282815,68.33487,78.654228
High Usage (Spike),24.0,56.714687,67.641797,77.426014
Weekend/Batch,0.0,25.398218,44.623263,63.955999
Weekend/Batch,0.252632,29.275091,43.364621,58.431877
Weekend/Batch,0.505263,31.880996,42.512958,54.351465
Weekend/Batch,0.757895,32.79522,42.064072,52.222974
Weekend/Batch,1.010526,32.042809,41.624638,51.355804
Weekend/Batch,1.263158,31.652528,41.18209,50.810227
Weekend/Batch,1.515789,31.487956,40.902391,51.206168
Weekend/Batch,1.768421,31.269675,40.334354,50.592114
Weekend/Batch,2.021053,30.298502,39.607164,49.964909
Weekend/Batch,2.273684,29.328289,39.421133,49.646469
Weekend/Batch,2.526316,28.635442,38.912015,49.083183
Weekend/Batch,2.778947,28.54816,38.548996,48.069334
Weekend/Batch,3.031579,28.262701,38.565427,48.411556
Weekend/Batch,3.284211,27.796734,37.710605,48.437448
Weekend/Batch,3.536842,27.165513,37.409811,47.994728
Weekend/Batch,3.789474,27.181812,36.974382,47.491831
Weekend/Batch,4.042105,26.790752,36.742292,47.123298
Weekend/Batch,4.294737,27.113816,36.659177,46.937041
Weekend/Batch,4.547368,26.904477,36.964487,46.426736
Weekend/Batch,4.8,26.632996,36.778136,46.772033
Weekend/Batch,5.052632,26.323152,36.550932,46.50053
Weekend/Batch,5.305263,26.298371,36.120384,45.574688
Weekend/Batch,5.557895,26.472167,35.997702,46.161855
Weekend/Batch,5.810526,26.423111,36.025055,45.407328
Weekend/Batch,6.063158,26.061781,35.853282,45.609155
Weekend/Batch,6.315789,26.524666,35.967996,45.999628
Weekend/Batch,6.568421,26.673518,35.99604,46.027015
Weekend/Batch,6.821053,26.784143,35.906832,45.91438
Weekend/Batch,7.073684,26.936977,36.328583,46.02026
Weekend/Batch,7.326316,26.701451,36.339738,46.265858
Weekend/Batch,7.578947,27.142623,36.678807,46.523099
Weekend/Batch,7.831579,26.46575,37.080995,46.575224
Weekend/Batch,8.084211,27.219106,37.10015,46.369839
Weekend/Batch,8.336842,27.49359,37.419512,46.79252
Weekend/Batch,8.589474,27.650258,37.326375,47.636024
Weekend/Batch,8.842105,27.956353,37.721723,48.336915
Weekend/Batch,9.094737,28.378638,38.317525,48.475383
Weekend/Batch,9.347368,29.157401,38.941871,49.127189
Weekend/Batch,9.6,29.195011,39.114392,49.58451
Weekend/Batch,9.852632,29.691846,39.790101,49.6955
Weekend/Batch,10.105263,30.949547,40.361153,50.582003
Weekend/Batch,10.357895,31.251494,40.668868,50.734862
Weekend/Batch,10.610526,31.074898,41.195814,50.866879
Weekend/Batch,10.863158,32.36171,41.356628,51.770858
Weekend/Batch,11.115789,32.437279,41.938912,51.924489
Weekend/Batch,11.368421,32.737458,42.430189,53.085435
Weekend/Batch,11.621053,33.379758,43.366989,53.139281
Weekend/Batch,11.873684,34.319572,44.025714,53.922135
Weekend/Batch,12.126316,34.314119,44.491484,54.320414
Weekend/Batch,12.378947,34.305624,44.721621,54.288498
Weekend/Batch,12.631579,35.602978,45.289775,54.990033
Weekend/Batch,12.884211,36.100738,45.643416,54.686852
Weekend/Batch,13.136842,36.932348,46.392013,55.688103
Weekend/Batch,13.389474,37.092335,47.178953,56.177624
Weekend/Batch,13.642105,37.469884,47.504038,57.304587
Weekend/Batch,13.894737,38.118528,47.749697,58.207621
Weekend/Batch,14.147368,38.55766,48.550627,59.007474
Weekend/Batch,14.4,39.136951,49.216434,59.220762
Weekend/Batch,14.652632,39.190147,49.229776,59.47904
Weekend/Batch,14.905263,39.933329,49.3937,59.477178
Weekend/Batch,15.157895,39.741488,49.63073,59.586403
Weekend/Batch,15.410526,40.340619,49.71259,59.63024
Weekend/Batch,15.663158,40.668165,50.299416,60.26281
Weekend/Batch,15.915789,40.335673,50.53763,60.427471
Weekend/Batch,16.168421,41.202257,50.7006,60.61066
Weekend/Batch,16.421053,41.65444,51.043407,60.533474
Weekend/Batch,16.673684,42.31524,51.601071,60.396952
Weekend/Batch,16.926316,41.70544,51.684348,61.04474
Weekend/Batch,17.178947,42.084051,52.141745,61.281159
Weekend/Batch,17.431579,42.311362,52.143961,61.352201
Weekend/Batch,17.684211,42.418808,52.068351,62.227629
Weekend/Batch,17.936842,42.878565,52.223864,61.876833
Weekend/Batch,18.189474,42.915782,52.215833,60.81447
Weekend/Batch,18.442105,42.008036,52.182293,61.853487
Weekend/Batch,18.694737,41.954874,51.962689,61.767339
Weekend/Batch,18.947368,42.38559,51.72959,61.866068
Weekend/Batch,19.2,42.049666,51.83968,61.639965
Weekend/Batch,19.452632,41.806825,51.697891,61.709454
Weekend/Batch,19.705263,41.468182,51.612498,61.236265
Weekend/Batch,19.957895,40.831133,51.01524,61.106584
Weekend/Batch,20.210526,40.892385,50.789641,60.102973
Weekend/Batch,20.463158,40.85342,50.383696,60.061335
Weekend/Batch,20.715789,40.424854,49.924256,59.957621
Weekend/Batch,20.968421,39.337263,49.655102,59.29284
Weekend/Batch,21.221053,39.156093,49.350386,59.103924
Weekend/Batch,21.473684,39.280247,48.755623,58.329848
Weekend/Batch,21.726316,39.071858,48.331425,58.27706
Weekend/Batch,21.978947,38.577832,48.145502,57.757974
Weekend/Batch,22.231579,37.555519,47.718392,57.838666
Weekend/Batch,22.484211,37.389527,47.150771,57.308148
Weekend/Batch,22.736842,36.938286,46.641431,56.44687
Weekend/Batch,22.989474,36.700148,46.227061,56.148144
Weekend/Batch,23.242105,36.060985,45.519354,55.448248
Weekend/Batch,23.494737,35.056347,45.072354,55.102243
Weekend/Batch,23.747368,35.051044,44.431296,54.311073
Weekend/Batch,24.0,33.855365,44.147623,53.667263
