item,table,row,column,value,unit,tol,note
T3.racks.25,Table 3,25 MW,Rack Count (NVL72),200,racks,0.5,
T3.racks.50,Table 3,50 MW,Rack Count (NVL72),400,racks,0.5,
T3.racks.100,Table 3,100 MW,Rack Count (NVL72),800,racks,0.5,
T3.compute.25,Table 3,25 MW,Compute Potential,280,exaflops,0.5,
T3.compute.50,Table 3,50 MW,Compute Potential,560,exaflops,0.5,
T3.compute.100,Table 3,100 MW,Compute Potential,1.1,zettaflops,0.05,
T3.fabric.25,Table 3,25 MW,Internal Bandwidth (Fabric),320,petabits/s,0.5,
T3.fabric.50,Table 3,50 MW,Internal Bandwidth (Fabric),640,petabits/s,0.5,
T3.fabric.100,Table 3,100 MW,Internal Bandwidth (Fabric),1.28,exabits/s,0.005,
T3.egress.25,Table 3,25 MW,External Bandwidth (Egress),200,terabits/s,0.5,
T3.egress.50,Table 3,50 MW,External Bandwidth (Egress),400,terabits/s,0.5,
T3.egress.100,Table 3,100 MW,External Bandwidth (Egress),800,terabits/s,0.5,
S2.2.tokens,Section 2.2,100 MW,Tokens per second,36.6,billion tokens/s,0.05,text: 1.1 Zettaflops at 60 billion FLOPs per token
T5.substation.low.1mile,Table 5,Substation CapEx,1-Mile Line Rule,15,USD million,0,low end of range; operand of the T5.total check
T5.substation.high.1mile,Table 5,Substation CapEx,1-Mile Line Rule,25,USD million,0,high end of range; operand of the T5.total check
T5.line.low.1mile,Table 5,Transmission Line,1-Mile Line Rule,2,USD million,0,operand of the T5.total check
T5.line.high.1mile,Table 5,Transmission Line,1-Mile Line Rule,5,USD million,0,operand of the T5.total check
T5.total.low.1mile,Table 5,Total Est. CapEx,1-Mile Line Rule,17,USD million,0,
T5.total.high.1mile,Table 5,Total Est. CapEx,1-Mile Line Rule,30,USD million,0,
T5.substation.low.3mile,Table 5,Substation CapEx,3-Mile Substation Rule,5,USD million,0,operand of the T5.total check
T5.substation.high.3mile,Table 5,Substation CapEx,3-Mile Substation Rule,10,USD million,0,operand of the T5.total check
T5.line.low.3mile,Table 5,Transmission Line,3-Mile Substation Rule,6,USD million,0,operand of the T5.total check
T5.line.high.3mile,Table 5,Transmission Line,3-Mile Substation Rule,15,USD million,0,operand of the T5.total check
T5.total.low.3mile,Table 5,Total Est. CapEx,3-Mile Substation Rule,12,USD million,0,
T5.total.high.3mile,Table 5,Total Est. CapEx,3-Mile Substation Rule,27,USD million,0,
T9.avg.25.Normal Day,Table 9,Phase 1 (25 MW) Normal Day,Avg Power,12.9,MW,0.1,
T9.p95.25.Normal Day,Table 9,Phase 1 (25 MW) Normal Day,95th Percentile Peak,20.7,MW,0.1,
T9.min.25.Normal Day,Table 9,Phase 1 (25 MW) Normal Day,Min Idle Power,5.0,MW,0.1,
T9.avg.25.High Usage (Spike),Table 9,Phase 1 (25 MW) Spike,Avg Power,19.5,MW,0.1,
T9.p95.25.High Usage (Spike),Table 9,Phase 1 (25 MW) Spike,95th Percentile Peak,25.0,MW,0.1,(Clipped)
T9.min.25.High Usage (Spike),Table 9,Phase 1 (25 MW) Spike,Min Idle Power,9.1,MW,0.1,
T9.avg.25.Weekend/Batch,Table 9,Phase 1 (25 MW) Weekend/Batch,Avg Power,11.0,MW,0.1,
T9.p95.25.Weekend/Batch,Table 9,Phase 1 (25 MW) Weekend/Batch,95th Percentile Peak,15.9,MW,0.1,
T9.min.25.Weekend/Batch,Table 9,Phase 1 (25 MW) Weekend/Batch,Min Idle Power,6.3,MW,0.1,
T9.avg.100.Normal Day,Table 9,Phase 2 (100 MW) Normal Day,Avg Power,51.6,MW,0.1,
T9.p95.100.Normal Day,Table 9,Phase 2 (100 MW) Normal Day,95th Percentile Peak,82.8,MW,0.1,
T9.min.100.Normal Day,Table 9,Phase 2 (100 MW) Normal Day,Min Idle Power,20.0,MW,0.1,
T9.avg.100.High Usage (Spike),Table 9,Phase 2 (100 MW) Spike,Avg Power,78.2,MW,0.1,
T9.p95.100.High Usage (Spike),Table 9,Phase 2 (100 MW) Spike,95th Percentile Peak,100.0,MW,0.1,(Clipped)
T9.min.100.High Usage (Spike),Table 9,Phase 2 (100 MW) Spike,Min Idle Power,37.7,MW,0.1,
T9.avg.100.Weekend/Batch,Table 9,Phase 2 (100 MW) Weekend/Batch,Avg Power,43.9,MW,0.1,
T9.p95.100.Weekend/Batch,Table 9,Phase 2 (100 MW) Weekend/Batch,95th Percentile Peak,63.7,MW,0.1,
T9.min.100.Weekend/Batch,Table 9,Phase 2 (100 MW) Weekend/Batch,Min Idle Power,24.4,MW,0.1,
T9.avg.250.Normal Day,Table 9,Phase 3 (250 MW) Normal Day,Avg Power,129.2,MW,0.1,
T9.p95.250.Normal Day,Table 9,Phase 3 (250 MW) Normal Day,95th Percentile Peak,208.4,MW,0.1,
T9.min.250.Normal Day,Table 9,Phase 3 (250 MW) Normal Day,Min Idle Power,50.0,MW,0.1,
T9.avg.250.High Usage (Spike),Table 9,Phase 3 (250 MW) Spike,Avg Power,195.9,MW,0.1,
T9.p95.250.High Usage (Spike),Table 9,Phase 3 (250 MW) Spike,95th Percentile Peak,250.0,MW,0.1,(Clipped)
T9.min.250.High Usage (Spike),Table 9,Phase 3 (250 MW) Spike,Min Idle Power,93.5,MW,0.1,
T9.avg.250.Weekend/Batch,Table 9,Phase 3 (250 MW) Weekend/Batch,Avg Power,109.8,MW,0.1,
T9.p95.250.Weekend/Batch,Table 9,Phase 3 (250 MW) Weekend/Batch,95th Percentile Peak,156.0,MW,0.1,
T9.min.250.Weekend/Batch,Table 9,Phase 3 (250 MW) Weekend/Batch,Min Idle Power,61.4,MW,0.1,
T11.S1.Grid,Table 11,S1: Island,Grid,100,MW,0,
T11.S1.RICE,Table 11,S1: Island,RICE,150,MW,0,
T11.S1.BESS,Table 11,S1: Island,Hybrid BESS MW,30,MW,0,
T11.S1.BESS_MWh,Table 11,S1: Island,Hybrid BESS MWh,150,MWh,0,
T11.S2.Solar PPA,Table 11,S2: Hybrid PPA,Solar,120,MW,0,
T11.S2.RICE,Table 11,S2: Hybrid PPA,RICE,210,MW,0,
T11.S2.Grid,Table 11,S2: Hybrid PPA,Grid,10,MW,0,
T11.S2.BESS,Table 11,S2: Hybrid PPA,Hybrid BESS MW,35,MW,0,
T11.S2.BESS_MWh,Table 11,S2: Hybrid PPA,Hybrid BESS MWh,175,MWh,0,
T11.S3.Geothermal,Table 11,S3: 100% Geo.,Geo.,250,MW,0,
T11.S4.Geothermal,Table 11,S4: Geo + PPA,Geo.,120,MW,0,
T11.S4.Solar PPA,Table 11,S4: Geo + PPA,Solar,80,MW,0,
T11.S4.Grid,Table 11,S4: Geo + PPA,Grid,130,MW,0,
T11.S4.BESS,Table 11,S4: Geo + PPA,Hybrid BESS MW,25,MW,0,
T11.S4.BESS_MWh,Table 11,S4: Geo + PPA,Hybrid BESS MWh,125,MWh,0,
T11.S5.SMR,Table 11,S5: SMR + PPA,SMR,180,MW,0,
T11.S5.Solar PPA,Table 11,S5: SMR + PPA,Solar,50,MW,0,
T11.S5.Grid,Table 11,S5: SMR + PPA,Grid,70,MW,0,
T11.S6.Geothermal,Table 11,S6: Geo + Micro.,Geo.,100,MW,0,
T11.S6.Microturbines,Table 11,S6: Geo + Micro.,Micro.,80,MW,0,
T11.S6.Grid,Table 11,S6: Geo + Micro.,Grid,50,MW,0,
T11.S6.BESS,Table 11,S6: Geo + Micro.,Hybrid BESS MW,30,MW,0,
T11.S6.BESS_MWh,Table 11,S6: Geo + Micro.,Hybrid BESS MWh,150,MWh,0,
T12.capex.ERCOT Grid (345 kV),Table 12,ERCOT Grid (345 kV),CapEx,150,USD/kW,0,
T12.fom.ERCOT Grid (345 kV),Table 12,ERCOT Grid (345 kV),Fixed O&M,5.00,USD/kW-yr,0,
T12.vom.ERCOT Grid (345 kV),Table 12,ERCOT Grid (345 kV),Var. O&M,0,USD/MWh,0,
T12.fuel.ERCOT Grid (345 kV),Table 12,ERCOT Grid (345 kV),Fuel,75.00,USD/MWh,0,
T12.cf.ERCOT Grid (345 kV),Table 12,ERCOT Grid (345 kV),Cap. Factor,100,%,0.5,
T12.lcoe.ERCOT Grid (345 kV),Table 12,ERCOT Grid (345 kV),Calc. LCOE,76.71,USD/MWh,0.005,
T12.capex.Utility Solar PPA,Table 12,Utility Solar PPA,CapEx,0,USD/kW,0,
T12.fom.Utility Solar PPA,Table 12,Utility Solar PPA,Fixed O&M,0,USD/kW-yr,0,
T12.vom.Utility Solar PPA,Table 12,Utility Solar PPA,Var. O&M,0,USD/MWh,0,
T12.fuel.Utility Solar PPA,Table 12,Utility Solar PPA,Fuel,35.00,USD/MWh,0,
T12.cf.Utility Solar PPA,Table 12,Utility Solar PPA,Cap. Factor,28,%,0.5,
T12.lcoe.Utility Solar PPA,Table 12,Utility Solar PPA,Calc. LCOE,35.00,USD/MWh,0.005,
T12.capex.RICE (Natural Gas),Table 12,RICE (Natural Gas),CapEx,1200,USD/kW,0,
T12.fom.RICE (Natural Gas),Table 12,RICE (Natural Gas),Fixed O&M,0,USD/kW-yr,0,
T12.vom.RICE (Natural Gas),Table 12,RICE (Natural Gas),Var. O&M,15.00,USD/MWh,0,
T12.fuel.RICE (Natural Gas),Table 12,RICE (Natural Gas),Fuel,29.75,USD/MWh,0,
T12.cf.RICE (Natural Gas),Table 12,RICE (Natural Gas),Cap. Factor,90,%,0.5,
T12.lcoe.RICE (Natural Gas),Table 12,RICE (Natural Gas),Calc. LCOE,60.27,USD/MWh,0.005,
T12.capex.Enhanced Geothermal,Table 12,Enhanced Geothermal,CapEx,4500,USD/kW,0,
T12.fom.Enhanced Geothermal,Table 12,Enhanced Geothermal,Fixed O&M,115.00,USD/kW-yr,0,
T12.vom.Enhanced Geothermal,Table 12,Enhanced Geothermal,Var. O&M,0,USD/MWh,0,
T12.fuel.Enhanced Geothermal,Table 12,Enhanced Geothermal,Fuel,0.00,USD/MWh,0,
T12.cf.Enhanced Geothermal,Table 12,Enhanced Geothermal,Cap. Factor,95,%,0.5,
T12.lcoe.Enhanced Geothermal,Table 12,Enhanced Geothermal,Calc. LCOE,68.61,USD/MWh,0.005,
T12.capex.Small Modular Reactor,Table 12,Small Modular Reactor,CapEx,7500,USD/kW,0,
T12.fom.Small Modular Reactor,Table 12,Small Modular Reactor,Fixed O&M,120.00,USD/kW-yr,0,
T12.vom.Small Modular Reactor,Table 12,Small Modular Reactor,Var. O&M,0,USD/MWh,0,
T12.fuel.Small Modular Reactor,Table 12,Small Modular Reactor,Fuel,8.32,USD/MWh,0,
T12.cf.Small Modular Reactor,Table 12,Small Modular Reactor,Cap. Factor,95,%,0.5,
T12.lcoe.Small Modular Reactor,Table 12,Small Modular Reactor,Calc. LCOE,93.24,USD/MWh,0.005,
T12.capex.Microturbines,Table 12,Microturbines,CapEx,1500,USD/kW,0,
T12.fom.Microturbines,Table 12,Microturbines,Fixed O&M,0,USD/kW-yr,0,
T12.vom.Microturbines,Table 12,Microturbines,Var. O&M,20.00,USD/MWh,0,
T12.fuel.Microturbines,Table 12,Microturbines,Fuel,40.25,USD/MWh,0,
T12.cf.Microturbines,Table 12,Microturbines,Cap. Factor,90,%,0.5,
T12.lcoe.Microturbines,Table 12,Microturbines,Calc. LCOE,79.62,USD/MWh,0.005,
T12.capex.Hybrid BESS (LCOS),Table 12,Hybrid BESS (LCOS),CapEx,1250,USD/kW,0,footnote *: 5-hour system at USD 250/kWh
T12.fom.Hybrid BESS (LCOS),Table 12,Hybrid BESS (LCOS),Fixed O&M,10.00,USD/kW-yr,0,
T12.vom.Hybrid BESS (LCOS),Table 12,Hybrid BESS (LCOS),Var. O&M,0,USD/MWh,0,
T12.fuel.Hybrid BESS (LCOS),Table 12,Hybrid BESS (LCOS),Fuel,0.00,USD/MWh,0,
T12.cf.Hybrid BESS (LCOS),Table 12,Hybrid BESS (LCOS),Cap. Factor,21,%,0.5,footnote **: one full 5-hour cycle per day
T12.lcoe.Hybrid BESS (LCOS),Table 12,Hybrid BESS (LCOS),Calc. LCOE,88.58,USD/MWh,0.005,
T13.nameplate.100% Geothermal (S3),Table 13,100% Geothermal (S3),Nameplate Capacity,300.0,MW,0.05,
T13.dispatch.100% Geothermal (S3),Table 13,100% Geothermal (S3),Projected Annual Dispatch,2190000,MWh,0.5,
T13.possible.100% Geothermal (S3),Table 13,100% Geothermal (S3),Total Possible Generation,2628000,MWh,0.5,
T13.cf.100% Geothermal (S3),Table 13,100% Geothermal (S3),Capacity Factor,83.33,%,0.005,
T13.rr.100% Geothermal (S3),Table 13,100% Geothermal (S3),Resilience Reserve,16.67,%,0.005,
T13.nameplate.SMR Nuclear (S5),Table 13,SMR Nuclear (S5),Nameplate Capacity,278.0,MW,0.05,
T13.dispatch.SMR Nuclear (S5),Table 13,SMR Nuclear (S5),Projected Annual Dispatch,2190000,MWh,0.5,
T13.possible.SMR Nuclear (S5),Table 13,SMR Nuclear (S5),Total Possible Generation,2435280,MWh,0.5,
T13.cf.SMR Nuclear (S5),Table 13,SMR Nuclear (S5),Capacity Factor,89.93,%,0.005,
T13.rr.SMR Nuclear (S5),Table 13,SMR Nuclear (S5),Resilience Reserve,10.07,%,0.005,
T13.nameplate.Microturbines (S6),Table 13,Microturbines (S6),Nameplate Capacity,300.0,MW,0.05,
T13.dispatch.Microturbines (S6),Table 13,Microturbines (S6),Projected Annual Dispatch,1182600,MWh,0.5,
T13.possible.Microturbines (S6),Table 13,Microturbines (S6),Total Possible Generation,2628000,MWh,0.5,
T13.cf.Microturbines (S6),Table 13,Microturbines (S6),Capacity Factor,45.00,%,0.005,
T13.rr.Microturbines (S6),Table 13,Microturbines (S6),Resilience Reserve,55.00,%,0.005,
T13.nameplate.RICE Peaking (S1),Table 13,RICE Peaking (S1),Nameplate Capacity,300.0,MW,0.05,
T13.dispatch.RICE Peaking (S1),Table 13,RICE Peaking (S1),Projected Annual Dispatch,788400,MWh,0.5,
T13.possible.RICE Peaking (S1),Table 13,RICE Peaking (S1),Total Possible Generation,2628000,MWh,0.5,
T13.cf.RICE Peaking (S1),Table 13,RICE Peaking (S1),Capacity Factor,30.00,%,0.005,
T13.rr.RICE Peaking (S1),Table 13,RICE Peaking (S1),Resilience Reserve,70.00,%,0.005,
T13.nameplate.Tiered-Performance BESS,Table 13,Tiered-Performance BESS,Nameplate Capacity,250.0,MW,0.05,
T13.dispatch.Tiered-Performance BESS,Table 13,Tiered-Performance BESS,Projected Annual Dispatch,164250,MWh,0.5,
T13.possible.Tiered-Performance BESS,Table 13,Tiered-Performance BESS,Total Possible Generation,2190000,MWh,0.5,
T13.cf.Tiered-Performance BESS,Table 13,Tiered-Performance BESS,Capacity Factor,7.50,%,0.005,
T13.rr.Tiered-Performance BESS,Table 13,Tiered-Performance BESS,Resilience Reserve,92.50,%,0.005,
T14.Baseline,Table 14,Baseline,Est. Blended LCOE,75.00,USD/MWh,0.005,
T14.S1,Table 14,S1 (Island),Est. Blended LCOE,85.50,USD/MWh,0.005,
T14.S2,Table 14,S2 (Hybrid PPA),Est. Blended LCOE,72.40,USD/MWh,0.005,
T14.S3,Table 14,S3 (Geo-Long),Est. Blended LCOE,68.00,USD/MWh,0.005,
T14.S4,Table 14,S4 (Geo + PPA),Est. Blended LCOE,64.50,USD/MWh,0.005,
T14.S5,Table 14,S5 (Nuclear),Est. Blended LCOE,94.20,USD/MWh,0.005,
T14.S6,Table 14,S6 (Geo + Micro),Est. Blended LCOE,77.80,USD/MWh,0.005,
T15.maxbtm.S1,Table 15,S1: Island (RICE),Max BTM Output,180,MW,0,
T15.maxbtm.S2,Table 15,S2: Hybrid PPA,Max BTM Output,245,MW,0,
T15.maxbtm.S3,Table 15,S3: 100% Geothermal,Max BTM Output,250,MW,0,
T15.maxbtm.S4,Table 15,S4: Geo + PPA,Max BTM Output,145,MW,0,
T15.maxbtm.S5,Table 15,S5: SMR + PPA,Max BTM Output,180,MW,0,
T15.maxbtm.S6,Table 15,S6: Geo + Microturbines,Max BTM Output,210,MW,0,
T15.alolp.S1,Table 15,S1: Island (RICE),ALOLP,72.5,%,0.05,
T15.alolp.S2,Table 15,S2: Hybrid PPA,ALOLP,91.2,%,0.05,
T15.alolp.S3,Table 15,S3: 100% Geothermal,ALOLP,99.9,%,0.05,published as >99.9%
T15.alolp.S4,Table 15,S4: Geo + PPA,ALOLP,58.0,%,0.05,
T15.alolp.S5,Table 15,S5: SMR + PPA,ALOLP,72.0,%,0.05,
T15.alolp.S6,Table 15,S6: Geo + Microturbines,ALOLP,84.0,%,0.05,
