hub,lat,lon,capacity_mw,cluster
N. Virginia,39.04,-77.49,5000,namerica
Texas (ERCOT),31.50,-97.00,2500,namerica
W. Coast,38.50,-121.50,2500,namerica
Chicago,41.88,-87.63,1500,namerica
Frankfurt,50.11,8.68,1400,europe
London,51.51,-0.13,1600,europe
Amsterdam,52.37,4.90,1200,europe
Paris,48.86,2.35,900,europe
Dublin,53.35,-6.26,1100,europe
Tokyo,35.68,139.65,1500,apac
Singapore,1.35,103.82,1100,apac
Sydney,-33.87,151.21,900,apac
Beijing,39.90,116.41,2200,apac
São Paulo,-23.55,-46.63,500,emerging
Mumbai,19.08,72.88,600,emerging
Johannesburg,-26.20,28.04,300,emerging
